{
    "pesq": 2.6725839215864258,
    "stoi": 0.934867740966332,
    "snr": 17.703783869454004,
    "sisnr": 17.83866006808663,
    "mse": 0.00012155692693241487
}