{
    "pesq": 2.8197611171065025,
    "stoi": 0.9380561202006771,
    "snr": 17.635464232812808,
    "sisnr": 17.55921653462845,
    "mse": 0.00012912595327490848
}