{
    "pesq": 2.759701387251465,
    "stoi": 0.9352039774347877,
    "snr": 17.641306493467496,
    "sisnr": 17.788013814794787,
    "mse": 0.00012505314284283584
}