{
    "quant_pesq": 2.6750715288143714,
    "quant_stoi": 0.9360057973696858,
    "quant_snr": 17.59627338896677,
    "quant_sisnr": 17.519127201686786,
    "quant_mse": 0.0001291208447551998
}