{
    "quant_pesq": 2.559263936668924,
    "quant_stoi": 0.9338908258326749,
    "quant_snr": 17.4893054955648,
    "quant_sisnr": 17.614892094387013,
    "quant_mse": 0.00012895705081075116
}