{
    "quant_pesq": 2.4987465535263413,
    "quant_stoi": 0.9335322119112834,
    "quant_snr": 17.75932475924492,
    "quant_sisnr": 17.87458848497532,
    "quant_mse": 0.00011935588532955946
}